date,date_decimal,gdp_tot,pce_core,expected_pce,ffr,covid_index,fci_chicago_fed,fci_new_3yr,fci_new_1yr,gdp_pot_cbo
1959-03-31,1959.0,8.117350945348338,,,2.7127103555180776,0.0,,,,8.11484807173479
1959-06-30,1959.25,8.13963513380896,2.134161203185036,,3.2800491099557405,0.0,,,,8.124619182203698
1959-09-30,1959.5,8.140332158097708,2.6666481442565804,,3.7277563861658702,0.0,,,,8.134839482611252
1959-12-31,1959.75,8.143177911965566,2.28610757331469,,4.138681688564172,0.0,,,,8.145091734190062
1960-03-31,1960.0,8.165415095465919,1.2644366931319255,2.087838403472058,4.138681688564172,0.0,,,,8.155515287072292
1960-06-30,1960.25,8.160016979006311,1.5120668193703368,1.9323148075183831,4.015585423295187,0.0,,,,8.165679279883593
1960-09-30,1960.5,8.164904328829945,1.5648391836506306,1.6568625673668955,3.325431319159322,0.0,,,,8.175722149541093
1960-12-31,1960.75,8.151989985005622,1.309084497416962,1.4126067983924635,3.088267304211323,0.0,,,,8.185462200846718
1961-03-31,1961.0,8.158717484219004,0.6820262818447734,1.2670041955706757,3.088267304211323,0.0,,,,8.195120133860884
1961-06-30,1961.25,8.17555350650173,1.3108781333286197,1.2167070240602464,3.088267304211323,0.0,,,,8.204321189668326
1961-09-30,1961.5,8.194575101378886,1.7356833581508055,1.2594180676852902,3.088267304211323,0.0,,,,8.213701077489322
1961-12-31,1961.75,8.214001869915677,0.9555390775242,1.1710317127120995,3.088267304211323,0.0,,,,8.223009152487906
1962-03-31,1962.0,8.231681295759735,1.4782286312741473,1.370082300069443,3.088267304211323,0.0,,,,8.232553737001375
1962-06-30,1962.25,8.240688155851897,1.53811729481232,1.426892090440368,3.088267304211323,0.0,,,,8.242429363770887
1962-09-30,1962.5,8.252908844770193,1.3125323859657887,1.321104347394114,3.088267304211323,0.0,,,,8.252677806774138
1962-12-31,1962.75,8.256197450093627,0.7480893382336113,1.269241912571467,3.088267304211323,0.0,,,,8.263178888852263
1963-03-31,1963.0,8.26705915191659,1.3219935187470206,1.2301831344396852,3.088267304211323,0.0,,,,8.273779149248924
1963-06-30,1963.25,8.278220771956443,1.5112808287715451,1.2234740179294914,3.088267304211323,0.0,,,,8.284472844125128
1963-09-30,1963.5,8.299970825234178,1.5377357491439436,1.2797748587240303,3.521151366104469,0.0,,,,8.295203302274976
1963-12-31,1963.75,8.306508455738186,1.923889959068536,1.5737250139327614,3.6121470212093554,0.0,,,,8.305992743797558
1964-03-31,1964.0,8.327376334912492,1.691773095445546,1.6661699081073928,3.6121470212093554,0.0,,,,8.316661993506942
1964-06-30,1964.25,8.338208142284932,1.184761975767483,1.584540194856377,3.6121470212093554,0.0,,,,8.32745220071534
1964-09-30,1964.5,8.353713329782792,1.110010623130481,1.4776089133530113,3.6121470212093554,0.0,,,,8.338258378513968
1964-12-31,1964.75,8.356800470522318,1.0200758723503798,1.2516553916734725,3.82945868751301,0.0,,,,8.348992750100637
1965-03-31,1965.0,8.380711393480444,1.5055836632348905,1.2051080336208084,4.1140508187725855,0.0,,,,8.359895924635849
1965-06-30,1965.25,8.393266949850883,1.2411879791371572,1.219214534463227,4.22317451030807,0.0,,,,8.370465790286664
1965-09-30,1965.5,8.41525503502269,1.2373485207909516,1.2510490088783448,4.219652611516511,0.0,,,,8.381272708284902
1965-12-31,1965.75,8.438032661176406,1.3270635306140284,1.327795923444257,4.314785550491829,0.0,,,,8.392019032572932
1966-03-31,1966.0,8.462079556179118,1.997885777026678,1.450871451892204,4.731569042311934,0.0,,,,8.402813257587722
1966-06-30,1966.25,8.465488443972434,3.243699353922791,1.9514992955886123,5.107383501987095,0.0,,,,8.413636002224745
1966-09-30,1966.5,8.47392111456069,3.2862730925905206,2.4637304385385046,5.637925925641163,0.0,,,,8.424565473585789
1966-12-31,1966.75,8.482091678695877,3.441061129422953,2.9922298382407355,5.80225643355865,0.0,,,,8.435413500466879
1967-03-31,1967.0,8.490910610495861,2.1949687837058702,3.041500589910534,5.011529716934104,0.0,,,,8.44642984201073
1967-06-30,1967.25,8.491523937066523,2.668975677938838,2.8978196709145454,4.128124890024609,0.0,,,,8.457496655084721
1967-09-30,1967.5,8.500940224614286,3.615087368106746,2.980023239793602,4.026130843514841,0.0,,,,8.468580936304033
1967-12-31,1967.75,8.508450485090956,4.0154692025668375,3.1236252580795734,4.321835878902247,0.0,,,,8.479764120278633
1968-03-31,1968.0,8.528638048472903,4.534071945614188,3.708401048556652,4.976050442023783,0.0,,,,8.490870223497222
1968-06-30,1968.25,8.545203805541531,4.626578440940982,4.197801739307188,6.253685799289976,0.0,,,,8.501819926009102
1968-09-30,1968.5,8.552919151180275,4.446152761366902,4.4055680876222265,6.214198890787093,0.0,,,,8.512866021990998
1968-12-31,1968.75,8.556839198734517,4.628482678542768,4.55882145661621,6.181902305443732,0.0,,,,8.523911230877216
1969-03-31,1969.0,8.572362394754862,4.346960231337235,4.512043528046972,6.883859337332465,0.0,,,,8.534594410513769
1969-06-30,1969.25,8.57539134232,4.75921416496502,4.545202459052981,8.80785976075138,0.0,,,,8.544863956946395
1969-09-30,1969.5,8.581969184355149,4.588205513839445,4.580715647171117,9.534530037315726,0.0,,,,8.554659173662174
1969-12-31,1969.75,8.577075137517323,4.669994502201642,4.591093603085836,9.48642838045066,0.0,,,,8.564103679878508
1970-03-31,1970.0,8.575585110841937,4.331631827061596,4.587261502016926,9.080256700898982,0.0,,,,8.573222246478192
1970-06-30,1970.25,8.577001291734412,4.501232021571351,4.5227659661685085,8.323645715622185,0.0,,,,8.581945577127783
1970-09-30,1970.5,8.586173769494293,4.425255820078773,4.48202854272834,7.035654761006716,0.0,,,,8.590348147817037
1970-12-31,1970.75,8.575400210832694,5.578496584947389,4.709154063414777,5.805831665704808,0.0,,,,8.598451936820855
1971-03-31,1971.0,8.602199376017348,5.035661311945447,4.88516143463574,3.9874695144256345,0.0,0.8186666666666667,,,8.606431538228561
1971-06-30,1971.25,8.607592971279491,4.537100187050795,4.894128476005601,4.738647462556234,0.0,1.2966153846153847,,,8.61439743597291
1971-09-30,1971.5,8.615783802897976,3.752285460302312,4.725885886061485,5.709342673556139,0.0,1.6197692307692306,,,8.62233756348511
1971-12-31,1971.75,8.61812969555017,2.2775599374066795,3.900651724176309,4.933491091354236,0.0,1.536,,,8.63027363313908
1972-03-31,1972.0,8.636335125573908,3.818017823560912,3.5962408520801743,3.6611777165228334,0.0,0.7372307692307692,,,8.638242178170453
1972-06-30,1972.25,8.658774347583288,2.6963875214680195,3.1360626856844807,4.455882444119963,0.0,0.1288461538461538,,,8.646253589983415
1972-09-30,1972.5,8.668170957156914,2.9961334919198603,2.9470246935888675,4.926399539346682,0.0,0.1586923076923077,,,8.654345213905728
1972-12-31,1972.75,8.684776674384928,2.5035745600283725,3.003528349244291,5.356299861855862,0.0,-0.2181538461538461,,,8.662565180354216
1973-03-31,1973.0,8.709224786168932,2.7779538257489853,2.743512349791309,6.851359687653691,0.0,0.6747692307692308,,,8.670886156042057
1973-06-30,1973.25,8.72005337909907,5.411164663720563,3.4222066353544456,8.246810044279185,0.0,1.19,,,8.679476143066575
1973-09-30,1973.5,8.714781121855529,5.28135095372436,3.9935110008055705,11.299097842838512,0.0,2.0215384615384617,,,8.688098738068831
1973-12-31,1973.75,8.724228661386713,5.530740481251143,4.750302481111262,10.665397164938174,0.0,2.1218461538461537,,,8.696838355416487
1974-03-31,1974.0,8.715594440905585,6.808986595624559,5.758060673580156,9.912675157224824,0.0,0.8263076923076922,,,8.70563601685741
1974-06-30,1974.25,8.717968590487683,9.818474198532035,6.859888057283024,12.08022028289788,0.0,2.959846153846154,,,8.714458442303895
1974-09-30,1974.5,8.708470855614044,11.27137791351896,8.357394797231674,13.038534536400626,0.0,4.778230769230769,,,8.723102070481442
1974-12-31,1974.75,8.704579235351222,9.65630004205854,9.388784687433525,9.938673980138146,0.0,3.005153846153846,,,8.731574537757895
1975-03-31,1975.0,8.692328153052085,7.738195580555353,9.621086933666222,6.598920811283016,0.0,1.462153846153846,,,8.739773842177616
1975-06-30,1975.25,8.699449746097601,6.0505778341663135,8.679112842574792,5.648635369600918,0.0,0.1103076923076923,,,8.747751303443284
1975-09-30,1975.5,8.716425288956067,5.955494217974085,7.350141918688572,6.44414619803757,0.0,-0.0916923076923076,,,8.755585024166963
1975-12-31,1975.75,8.729806291640068,6.464274263736672,6.552135474108106,5.64149562000007,0.0,0.0579230769230769,,,8.763333264272463
1976-03-31,1976.0,8.752051693942724,6.032426857947734,6.125693293456201,5.015078302057918,0.0,-0.5791538461538461,,,8.770960559252593
1976-06-30,1976.25,8.75935867320529,4.770711805008095,5.805726786166646,5.409715517440672,0.0,-0.5734615384615385,,,8.778622177057292
1976-09-30,1976.5,8.764817820753837,6.21646933223836,5.870970564732716,5.502366639468748,0.0,-0.6484615384615384,,,8.786437346934044
1976-12-31,1976.75,8.77201787376241,6.212742401458639,5.808087599163207,5.064771052256201,0.0,-0.6972142857142857,,,8.79429428068032
1977-03-31,1977.0,8.783810399285425,6.675394113945762,5.968829413162714,4.837795455389582,0.0,-0.8958333333333334,,,8.802358249135985
1977-06-30,1977.25,8.803043487189042,6.065925820269839,6.29263291697815,5.366980833022095,0.0,-0.6083846153846154,,,8.810547817066517
1977-09-30,1977.5,8.820914494934435,6.598440788451038,6.388125781031319,6.077902135734026,0.0,-0.4746428571428571,,,8.818792527203078
1977-12-31,1977.75,8.820934422532305,5.770983078681721,6.277685950337091,6.826088995802193,0.0,-0.2543076923076923,,,8.827190990165716
1978-03-31,1978.0,8.824127739858717,6.1921004856623485,6.156862543266237,7.089919497979502,0.0,-0.1946923076923077,,,8.835728937419743
1978-06-30,1978.25,8.862047344281246,6.841999194304546,6.350880886774913,7.663177234593133,0.0,0.4369230769230769,,,8.844363363179978
1978-09-30,1978.5,8.872054591878655,6.804538330614703,6.40240527231583,8.558147198904464,0.0,0.5965384615384616,,,8.853159041506371
1978-12-31,1978.75,8.885406313821512,7.116228124748579,6.738716533832544,10.202723148454297,0.0,1.7293076923076924,,,8.86205494384516
1979-03-31,1979.0,8.887200641190796,5.427513311087843,6.5475697401889175,10.75142846879389,0.0,0.8034615384615384,,,8.871128278502175
1979-06-30,1979.25,8.888267524750336,8.699484528236402,7.011941073671881,10.871235159237711,0.0,0.4522307692307692,,,8.879794928346975
1979-09-30,1979.5,8.895668119546325,7.314445668756702,7.139417908207381,11.736157134589686,0.0,1.5048461538461535,,,8.887898589050113
1979-12-31,1979.75,8.89816545031333,8.25733796283237,7.424695367728329,14.754670649904234,0.0,2.3068461538461538,,,8.895357433017171
1980-03-31,1980.0,8.901306224453762,9.667844145593255,8.484778076354683,16.47711254579638,0.0,2.444846153846154,,,8.902011472538328
1980-06-30,1980.25,8.880486644622188,8.84973551544837,8.522340823157673,13.724201278603587,0.0,3.0776923076923075,,,8.907864458432032
1980-09-30,1980.5,8.879297390241565,8.80779857171566,8.895679048897414,10.486068191953546,0.0,0.958153846153846,,,8.91284429934613
1980-12-31,1980.75,8.897774858727486,9.628003496354069,9.238345432277836,17.43323860864969,0.0,2.4047692307692308,,,8.918020650597898
1981-03-31,1981.0,8.917179585407846,8.777534218946737,9.015767950616208,18.28925318155237,0.0,2.3846923076923074,,,8.923735613238264
1981-06-30,1981.25,8.9097412322575,7.48835904649916,8.675423833378906,19.74866985501029,0.0,2.4196153846153843,,,8.929833703401897
1981-09-30,1981.5,8.921645119764422,7.299513913421407,8.298352668805343,19.50217431878265,0.0,3.3331538461538464,,,8.936260582838896
1981-12-31,1981.75,8.91068935664419,7.052303944498238,7.654427780841385,14.766301700051576,0.0,2.5329230769230766,,,8.943031267640869
1982-03-31,1982.0,8.895030954817281,5.812344362375465,6.913130316698567,15.513139433376178,0.0,1.989923076923077,,,8.950050661620399
1982-06-30,1982.25,8.899582352758662,5.374375857830051,6.38463451953129,15.849230262136915,0.0,2.464153846153846,,,8.957205286362509
1982-09-30,1982.5,8.895752359330606,6.361383864739152,6.150102007360727,11.804129911067896,0.0,3.202538461538462,,,8.964464125477019
1982-12-31,1982.75,8.896152367196416,5.531929899447311,5.7700084960979945,9.871832251611456,0.0,1.6599285714285714,,,8.971849698927302
1983-03-31,1983.0,8.909244198071407,5.219113653750239,5.621700818941688,9.168747619974283,0.0,0.164,,,8.979156786978535
1983-06-30,1983.25,8.931744362616321,3.048479208060454,5.040226656499289,9.334861098929936,0.0,-0.1253076923076923,,,8.986554101414724
1983-09-30,1983.5,8.95153674092315,6.033862987523192,4.958346437195299,10.065041241322238,0.0,-0.0993571428571428,,,8.99409423675638
1983-12-31,1983.75,8.972183939197153,3.1878591219401957,4.37232874281852,10.031576993944924,0.0,0.046076923076923,,,9.001891026453505
1984-03-31,1984.0,8.991543236297723,4.0190825761813525,4.072320973426298,10.31821048658328,0.0,-0.1136923076923076,,,9.009951019038605
1984-06-30,1984.25,9.00867329139832,4.655607256620142,4.47410298556622,11.295337511954065,0.0,0.7112307692307692,,,9.018254639692158
1984-09-30,1984.5,9.018267222579306,3.737672202381127,3.900055289280704,12.239374812446613,0.0,0.7541538461538462,,,9.026700227159983
1984-12-31,1984.75,9.026441451798448,2.8366089322613206,3.8122427418609854,9.849560682846192,0.0,-0.0243076923076923,,,9.035253475168233
1985-03-31,1985.0,9.036084599114597,5.419260638802827,4.162287257516354,8.97342560823915,0.0,-0.3398461538461538,,,9.043824564155212
1985-06-30,1985.25,9.044850799189456,3.4538467046140964,3.8618471195148425,8.363914676232763,0.0,-0.3971538461538462,,,9.052382367703949
1985-09-30,1985.5,9.060008059563284,4.087088453303999,3.94920118224556,8.338287247073705,0.0,-0.2374615384615384,,,9.06089936663234
1985-12-31,1985.75,9.067415051391976,2.858672780418326,3.954717144284812,8.561815298708474,0.0,-0.2863846153846153,,,9.069352225592752
1986-03-31,1986.0,9.076709202945588,4.29560314567599,3.673802771003104,8.25778324022044,0.0,-0.2885384615384615,,,9.07771465449357
1986-06-30,1986.25,9.081202058490664,2.733235918400352,3.4936500744496666,7.267375574100288,0.0,-0.4441538461538462,,,9.085980149068096
1986-09-30,1986.5,9.090723267944169,2.737787435557133,3.1563248200129506,6.49451331228843,0.0,-0.5390769230769231,,,9.094186050249917
1986-12-31,1986.75,9.096072862111283,3.243996831121692,3.2526558326887915,6.559305955592865,0.0,-0.5433846153846154,,,9.102323525717226
1987-03-31,1987.0,9.103463930104825,2.5252849464416727,2.810076282880212,6.508908281298176,0.0,-0.4266153846153846,,,9.110372982221692
1987-06-30,1987.25,9.11418799762557,3.864788691427308,3.0929644761369515,6.974187874926563,0.0,0.4046153846153846,,,9.118276996735595
1987-09-30,1987.5,9.122822393958646,3.567131414331556,3.3003004708305568,7.18404337536247,0.0,0.1633076923076923,,,9.12603506918468
1987-12-31,1987.75,9.139846231291203,4.044818652597751,3.500505926199572,7.263751091882375,0.0,0.9841538461538462,,,9.133735107901163
1988-03-31,1988.0,9.145001744171957,3.841219553960777,3.829489578079348,6.988647503973855,0.0,0.3078461538461538,,,9.141300873937796
1988-06-30,1988.25,9.15805648184748,4.8187959313532325,4.067991388060829,7.525026239128629,0.0,0.2427692307692308,,,9.14877727261346
1988-09-30,1988.5,9.163899077052257,4.580718562874769,4.321388175196632,8.429841543429827,0.0,0.3669285714285714,,,9.156134725501955
1988-12-31,1988.75,9.177135646426292,4.44418794536403,4.421230498388202,8.966061793974678,0.0,0.1699999999999999,,,9.163431122311096
1989-03-31,1989.0,9.187248290352503,4.341842394944903,4.5463862086342335,10.046448739929126,0.0,0.3813846153846154,,,9.170652977675784
1989-06-30,1989.25,9.19485031815285,3.622512439408884,4.247315335648146,10.362947658349576,0.0,0.4578461538461538,,,9.177791609466668
1989-09-30,1989.5,9.20223037466994,2.965673608241844,3.8435540969899153,9.645614310388485,0.0,0.2617692307692307,,,9.184866060911377
1989-12-31,1989.75,9.2041982476909,3.6452533962400793,3.643820459708928,9.124493215161843,0.0,0.1741538461538461,,,9.191879360945872
1990-03-31,1990.0,9.215067780152992,4.57985413320844,3.703323394274811,8.723334115632465,0.0,0.0553846153846153,0.258901765540434,0.0353670442200467,9.198819987810662
1990-06-30,1990.25,9.218690908989831,4.443759314272285,3.9086351129906616,8.715987154905314,0.0,0.0037692307692307,0.229755805417627,0.0947755919220713,9.205681576151674
1990-09-30,1990.5,9.219356504225448,4.021930386061202,4.172699307445502,8.624191909916966,0.0,0.0883846153846153,0.334474732727606,0.384453934320068,9.212396504316304
1990-12-31,1990.75,9.210210763577376,3.344574200966388,4.097529508627078,8.166373826214212,0.0,0.4657692307692307,-0.108690284417853,0.0482111846899838,9.218970720375632
1991-03-31,1991.0,9.20552037442887,3.534830618567993,3.836273629966967,6.73227859736929,0.0,0.183,-0.536721340181959,-0.572852437732906,9.22544346433122
1991-06-30,1991.25,9.213287026322933,3.071572823185329,3.493227007195228,6.124510333388722,0.0,-0.2343846153846153,-0.321040875383776,-0.33978031481851,9.231799060350385
1991-09-30,1991.5,9.218327886676338,3.585422353791793,3.384099999127876,5.888095266387916,0.0,-0.4739230769230769,-0.440919311262221,-0.560261663428208,9.2381082731836
1991-12-31,1991.75,9.221807275024446,3.1347841205434395,3.331652479022139,5.00443290542123,0.0,-0.6106923076923076,-0.8206148037664,-0.77788320827281,9.24448832040939
1992-03-31,1992.0,9.233708693445871,3.0498152476295286,3.2103986362875228,4.163318369447877,0.0,-0.661846153846154,-0.650098202996737,-0.435606071957696,9.250929787876212
1992-06-30,1992.25,9.244493362038584,2.8130785086869463,3.145775057662927,3.896145142849772,0.0,-0.8160000000000001,-0.508277175961891,-0.465925889194906,9.25743606328421
1992-09-30,1992.5,9.254325965037328,2.3625618204205137,2.840059924320107,3.3568614207780234,0.0,-0.9007692307692308,-0.799896630159231,-0.664856592236942,9.264050305797566
1992-12-31,1992.75,9.264700518760645,2.9204035567992377,2.7864647833840563,3.1265952325255864,0.0,-0.7483076923076923,-0.583879622413584,-0.175799097253618,9.270740788928045
1993-03-31,1993.0,9.266368564022704,2.7487730323958006,2.7112042295756247,3.130080294256299,0.0,-0.9526153846153846,-0.639674012799867,-0.259520218549294,9.277582334035015
1993-06-30,1993.25,9.272173392796129,3.02479972368741,2.7641345333257403,3.088267304211323,0.0,-0.9916923076923077,-0.678601798274302,-0.333859870693191,9.284479925165517
1993-09-30,1993.5,9.27693359327089,2.2300999718892967,2.7310190711929363,3.1509931312278194,0.0,-1.075846153846154,-0.706955347064229,-0.143728641164956,9.29142554048116
1993-12-31,1993.75,9.290443416290966,2.052030876427542,2.5139259011000124,3.077816698556557,0.0,-0.9747857142857144,-0.525258636263473,-0.150140908614145,9.29844570155648
1994-03-31,1994.0,9.300100268323554,1.8110351478738456,2.2794914299695237,3.31146544477281,0.0,-0.9380833333333332,-0.0393748333388312,0.248401141967604,9.305536780816496
1994-06-30,1994.25,9.31356108989889,2.682512864398685,2.1939197151473424,4.075356903761129,0.0,-0.7269230769230769,0.449232974510429,0.760949267103681,9.312621569981369
1994-09-30,1994.5,9.319389914798297,2.2270029244917877,2.193145453297965,4.653737898627441,0.0,-0.7607142857142858,0.28129634199323,0.556583422816649,9.319769447573394
1994-12-31,1994.75,9.330780496665083,2.0271653585056884,2.1869290738175016,5.377662884061651,0.0,-0.5269230769230769,0.425689935073325,0.612756530750615,9.326975787582075
1995-03-31,1995.0,9.334322023125898,2.090802473697557,2.2568709052734297,6.067149297105567,0.0,-0.565923076923077,0.268327645658195,0.23538633273652,9.33421424052013
1995-06-30,1995.25,9.337300810590987,2.367902743031894,2.178218374931732,6.293187347470375,0.0,-0.6830769230769231,-0.365694591075641,-0.588801409589725,9.341504162231637
1995-09-30,1995.5,9.345772082851694,1.902356229256723,2.0970567011229657,6.052813869800189,0.0,-0.6946153846153845,-0.530333423101248,-0.643764368058106,9.348804347405103
1995-12-31,1995.75,9.352539949598624,2.000507652249963,2.090392274559034,5.970422651307317,0.0,-0.732,-0.550761676801104,-0.760688753508497,9.356235056492135
1996-03-31,1996.0,9.360002536329624,1.5696029305925272,1.960092388782777,5.587962833478111,0.0,-0.7823076923076923,-0.510499531514652,-0.709050078551679,9.363768147756318
1996-06-30,1996.25,9.376544403138531,1.8974321429318743,1.842474738757772,5.459594495825781,0.0,-0.7018461538461538,-0.25713400629559,-0.0803990988794561,9.371677174355408
1996-09-30,1996.5,9.385474746071244,1.820507471401824,1.8220125492940475,5.527325045347498,0.0,-0.7259999999999999,-0.283985960323583,-0.0220346217825643,9.38004383247698
1996-12-31,1996.75,9.395804901120613,2.270615264327008,1.889539452313308,5.498801633505024,0.0,-0.7547692307692307,-0.546316056850381,-0.238635565825216,9.388829547568845
1997-03-31,1997.0,9.402238592458689,1.5683318643308783,1.889221685747896,5.495236747666987,0.0,-0.7123846153846153,-0.402213557900109,-0.0387502781844219,9.397987377883627
1997-06-30,1997.25,9.418753643461365,2.0815893879534304,1.9352609970032848,5.759363043873167,0.0,-0.6392307692307693,-0.651758957240903,-0.330040932707143,9.40742095353886
1997-09-30,1997.5,9.431162029780742,0.932821509719803,1.71333950658278,5.77008476522094,0.0,-0.6460769230769231,-0.860647686542495,-0.528230240757514,9.417161473898291
1997-12-31,1997.75,9.439664384830111,1.263824116147407,1.4616417195378797,5.741495916814987,0.0,-0.5133076923076924,-0.726836046952216,-0.292702986935122,9.42711487580616
1998-03-31,1998.0,9.449651874716464,1.1768382139329032,1.363768306938386,5.755789377615628,0.0,-0.6049230769230769,-0.664516309155646,-0.434484499409416,9.437254761184589
1998-06-30,1998.25,9.458866171198386,1.2230453941256836,1.149132308481449,5.734349908885505,0.0,-0.5856153846153845,-0.53585911399512,-0.212355427573583,9.447580306898244
1998-09-30,1998.5,9.471376986275322,1.4172889011300416,1.270249156334009,5.77008476522094,0.0,-0.3786923076923077,-0.116151074786001,0.290897168077868,9.457979285754815
1998-12-31,1998.75,9.487340848765848,1.2734727038455995,1.272661303258557,5.050570731256143,0.0,-0.073076923076923,-0.71884974748813,-0.408185035531182,9.468485824981462
1999-03-31,1999.0,9.496691333893294,1.001653981429493,1.2288652451327045,4.915763107466176,0.0,-0.3108461538461539,-0.7138820635338,-0.369047273174774,9.479104508115704
1999-06-30,1999.25,9.505004115742864,1.3861300951613456,1.26963642039162,4.929945255601198,0.0,-0.3995384615384615,-0.754336612208758,-0.400970301277358,9.48970609141842
1999-09-30,1999.5,9.518175819028643,1.470006797665117,1.2828158945253887,5.29935291550212,0.0,-0.1884615384615384,-0.401293264815932,-0.319922739461572,9.500271781434533
1999-12-31,1999.75,9.534449354699712,1.8772174071938723,1.433752070362457,5.527325045347498,0.0,-0.137,-0.737830960715547,-0.302623485907138,9.510852015816315
2000-03-31,2000.0,9.538070723707763,2.0906440296743054,1.70599958242366,5.923881941291098,0.0,-0.1734615384615384,-0.578275338277731,-0.197603029258777,9.521391159439586
2000-06-30,2000.25,9.556119734052745,1.3930722664508706,1.707735125246041,6.566507564452073,0.0,-0.006076923076923,-0.23906701873944,0.103938723366407,9.53160333980522
2000-09-30,2000.5,9.55713854075646,1.92513121565334,1.821516229743097,6.83330858522726,0.0,-0.1533076923076923,-0.208021163283446,-0.123133588678417,9.54136224475914
2000-12-31,2000.75,9.56309117654135,1.9760215457679844,1.846217264386625,6.782781675644389,0.0,-0.1251538461538461,0.0849209627760391,0.383684906891401,9.55062207670736
2001-03-31,2001.0,9.559807804092207,2.592085264783903,1.9715775731640248,5.834437860599095,0.0,-0.2352307692307692,0.140828465920138,0.347117225678794,9.5593772610982
2001-06-30,2001.25,9.56603341400698,1.5094324456828208,2.000667617972012,4.484124653665145,0.0,-0.384,-0.0214372037751848,-0.0359736969055454,9.567543052287256
2001-09-30,2001.5,9.56201897496516,1.031059022288178,1.7771495696307218,3.6086457138016392,0.0,-0.4426153846153846,0.161908764349537,0.192003323181455,9.575082701855012
2001-12-31,2001.75,9.56476296126752,1.9256671894167037,1.7645609805429014,2.1864590900654512,0.0,-0.3706153846153845,-0.148413362680031,-0.398877833897431,9.582067758101532
2002-03-31,2002.0,9.573091766836416,1.2261250335935354,1.4230709227453096,1.772897615560276,0.0,-0.4704615384615384,-0.0238676802589348,-0.317442282022885,9.588570068053858
2002-06-30,2002.25,9.579200138529885,2.194842631772449,1.5944234692677166,1.7900959715808409,0.0,-0.5833846153846154,0.191908593938903,0.0212046478901799,9.59472418081724
2002-09-30,2002.5,9.583257012577263,2.128052870338283,1.868671931280243,1.7797766101999457,0.0,-0.4129230769230769,0.353639135073232,0.0631848164728442,9.600664048519604
2002-12-31,2002.75,9.584492299821235,1.4192658654463128,1.742071600287645,1.474109683953584,0.0,-0.421,0.145993225092956,0.0589670103945223,9.606475821063205
2003-03-31,2003.0,9.589744900587087,1.2322096829790543,1.743592762634025,1.275403884242654,0.0,-0.5305384615384615,-0.0539871323830448,-0.192238846019516,9.612276803089784
2003-06-30,2003.25,9.598562131039955,1.513329406120644,1.5732144562210737,1.271981327205074,0.0,-0.69,-0.754218147700537,-0.975457608360293,9.618139782433833
2003-09-30,2003.5,9.6150573336259,1.8266957194657891,1.4978751685029503,1.0361032420274308,0.0,-0.6893846153846154,-0.723429429044743,-1.08054710366265,9.62404867389609
2003-12-31,2003.75,9.6265977006733,1.788152697565363,1.5900968765327128,1.015618015408748,0.0,-0.7111538461538461,-1.17445210404586,-1.34692806254785,9.630095970194668
2004-03-31,2004.0,9.632248220912205,2.194769904263836,1.830736931853908,1.022445964014329,0.0,-0.7895384615384615,-1.36220823132958,-1.38278786155711,9.63630393090159
2004-06-30,2004.25,9.639967870831144,2.2791609796908965,2.022194825246471,1.0292743728769205,0.0,-0.7251538461538461,-0.966721384859972,-0.616028542222729,9.64259669435002
2004-09-30,2004.5,9.649409100716316,1.429496886334946,1.9228951169637605,1.4638222692696878,0.0,-0.6968461538461538,-0.97139136442338,-0.626354729914407,9.649007583572462
2004-12-31,2004.75,9.659559492037449,2.16270286230572,2.0165326581488494,1.9967024541397205,0.0,-0.7062857142857143,-1.24626614956459,-0.679437375594886,9.655497850133653
2005-03-31,2005.0,9.670592042566684,2.836652790189005,2.1770033796301416,2.5358386125076797,0.0,-0.6980833333333333,-1.15781638343877,-0.463801040440547,9.661882036246284
2005-06-30,2005.25,9.675506192875307,1.9765206556778627,2.101343298626883,3.029061173489267,0.0,-0.6116923076923076,-1.09877585322131,-0.564956732181077,9.66809208227632
2005-09-30,2005.5,9.68331377457644,1.555417704855248,2.132823503256959,3.570139118970239,0.0,-0.5973571428571428,-1.07754880309069,-0.526130847201919,9.674212232691964
2005-12-31,2005.75,9.688853566948517,2.664856890147153,2.258362010217317,4.117569158730849,0.0,-0.575076923076923,-0.733741020581508,-0.0671345430619416,9.68021119997442
2006-03-31,2006.0,9.70221770539623,2.3096726271410133,2.1266169694553194,4.621914512949554,0.0,-0.6154615384615384,-0.724720087543433,-0.267078887780295,9.686052881853405
2006-06-30,2006.25,9.704801891145127,3.1738291117645216,2.425944083476984,5.100280230309839,0.0,-0.5857692307692308,-0.431910196296937,-0.199925171469089,9.691726717214877
2006-09-30,2006.5,9.70630032718521,2.148835840515519,2.574298617392052,5.463158180543215,0.0,-0.5812307692307692,-0.450176459441953,-0.25852641428671,9.6971249991394
2006-12-31,2006.75,9.714858102750624,1.719287276396661,2.3379062139544287,5.463158180543215,0.0,-0.6246153846153846,-0.575505920728321,-0.535070846743023,9.702256487133951
2007-03-31,2007.0,9.717861943367756,2.74869935180137,2.447662895119518,5.473849955257926,0.0,-0.6517692307692309,-0.490894625023617,-0.379150266704946,9.707386415271174
2007-06-30,2007.25,9.723960926282436,1.6613507142511124,2.0695432957411657,5.46672198534599,0.0,-0.5638461538461539,-0.57341067958277,-0.544201075823629,9.71251239037324
2007-09-30,2007.5,9.729704657391745,1.9594839504094397,2.0222053232146457,5.278005725459667,0.0,-0.0616153846153846,-0.507232845593808,-0.44251904399015,9.717641353086115
2007-12-31,2007.75,9.73596737290394,2.7561479170153893,2.281420483369328,4.66434783890477,0.0,0.272076923076923,-0.598979205630374,-0.444594632322321,9.722667593740356
2008-03-31,2008.0,9.731690597313907,2.1124407643469527,2.122355836505723,3.2730689961546267,0.0,0.6546153846153846,-0.50511218318597,-0.358991702001439,9.727631681004032
2008-06-30,2008.25,9.737627223245225,1.6767802651995278,2.1262132242428278,2.1381240248776745,0.0,0.6311538461538462,-0.362417150066795,-0.105648173093175,9.732368898818368
2008-09-30,2008.5,9.73236079944244,2.036532051190052,2.1454752494379807,1.9863622046661256,0.0,0.9316153846153846,0.245913355544277,0.46426641884485,9.736827888090922
2008-12-31,2008.75,9.710227386702954,-0.3152040654704663,1.3776372538165165,0.5150217899192233,0.0,2.764846153846153,1.47109408979858,1.7381718843492,9.740963243818673
2009-03-31,2009.0,9.698813755343052,-0.0045480300398141,0.8483900552198248,0.1860520187160208,0.0,2.1751538461538464,1.83095385902433,1.93946939923919,9.744714167087425
2009-06-30,2009.25,9.697025648125424,1.5629895948607773,0.8199423876351372,0.1826661755220504,0.0,1.1312307692307693,1.28029921850386,1.32196872887555,9.748159341346645
2009-09-30,2009.5,9.700531419672563,1.4169872215186892,0.6650561802172965,0.1589684680799452,0.0,0.3506153846153846,0.632838144069226,0.308470959258464,9.751350454339786
2009-12-31,2009.75,9.711282555051808,2.484163244015645,1.3648980075888244,0.1217405075580435,0.0,-0.014,0.175241945432367,-1.14039019350509,9.75442628289188
2010-03-31,2010.0,9.716115865272489,1.3660017269032485,1.7075354468245898,0.1352763508657206,0.0,-0.2481538461538461,-0.0258544243776792,-1.40062904398344,9.757541672866855
2010-06-30,2010.25,9.725745215095095,1.076075654229124,1.5858069616666766,0.1962102330303139,0.0,-0.226,0.208100493465789,-0.554833382622902,9.76074475041268
2010-09-30,2010.5,9.7334264878001,0.6148751967291931,1.3852789554693026,0.1894379760349229,0.0,-0.2432307692307692,-0.238772463133245,-0.384893179611795,9.764124891109422
2010-12-31,2010.75,9.73866385144455,1.2624289991201936,1.0798453942454396,0.1894379760349229,0.0,-0.4426428571428571,-0.624260042194858,-0.442808136372852,9.767648811350693
2011-03-31,2011.0,9.7362889847085,1.7521907302608626,1.1763926450848432,0.1589684680799452,0.0,-0.5709166666666666,-0.760809727326324,-0.40997119010962,9.77132085555126
2011-06-30,2011.25,9.743032022177166,2.332188290756367,1.490420804216654,0.0946742948067624,0.0,-0.5665384615384615,-1.02874294677169,-0.748781599262501,9.775089379070154
2011-09-30,2011.5,9.74280886992138,1.821900618677633,1.7921771597037637,0.0845263463455481,0.0,-0.2512857142857143,-0.766748034549442,-0.102196985373269,9.778951687633274
2011-12-31,2011.75,9.753976766732846,1.4231006705793543,1.832345077568554,0.0743794239085549,0.0,-0.0903846153846153,-0.803941048695484,0.195009898486627,9.78294498426642
2012-03-31,2012.0,9.762327708551636,2.5165602770655378,2.0234374642697226,0.1048232693794171,0.0,-0.3638461538461538,-0.900772957885139,-0.022722854168427,9.787073089057476
2012-06-30,2012.25,9.76678112481796,1.6507461498297824,1.8530769290380769,0.15558353768228,0.0,-0.3144615384615384,-0.522497981087163,0.160495363508805,9.791298973128123
2012-09-30,2012.5,9.76822036858282,1.154062264366486,1.68611734046029,0.1454294309514381,0.0,-0.422,-0.569750112129557,-0.39920860321627,9.79557710810284
2012-12-31,2012.75,9.769376105998573,1.7648328335620418,1.771550381205962,0.1623535125718334,0.0,-0.5587692307692308,-0.658256632361226,-0.583360551269046,9.799918287795364
2013-03-31,2013.0,9.779193365264089,1.559545008095342,1.5322965639634127,0.1454294309514381,0.0,-0.6467692307692308,-0.843101859958367,-0.558783089793729,9.804372007128682
2013-06-30,2013.25,9.781866153529224,1.1270571978373838,1.401374325965313,0.1183568318465111,0.0,-0.6847692307692307,-0.824512344260964,-0.619803653027166,9.808872018992504
2013-09-30,2013.5,9.79034405008172,1.5703049012880772,1.505434985195711,0.0845263463455481,0.0,-0.6620769230769231,-0.603499136906743,-0.314438809447506,9.813402749866334
2013-12-31,2013.75,9.799023690319984,1.7202449082452838,1.4942880038665214,0.0879088818284135,0.0,-0.7478461538461538,-0.832886505867924,-0.525603647195385,9.818016681032192
2014-03-31,2014.0,9.795566762170324,1.2618727644105427,1.4198699429453217,0.0743794239085549,0.0,-0.7734615384615384,-0.768195992924102,-0.319216635955474,9.822716629283674
2014-06-30,2014.25,9.808402452399474,1.7423798552175611,1.573700607290366,0.0946742948067624,0.0,-0.7803846153846153,-0.935045760786877,-0.504869027993735,9.82746485557411
2014-09-30,2014.5,9.820483100725257,1.4999625873921758,1.5561150288163907,0.0912915313088014,0.0,-0.7263076923076923,-0.853787918398842,-0.463283025199805,9.832315277477177
2014-12-31,2014.75,9.825527686740688,1.08282266197923,1.396759467249877,0.1014401638382178,0.0,-0.6346153846153846,-0.624261799015469,-0.124799532633767,9.837240686214091
2015-03-31,2015.0,9.834492234617612,0.6676664742286755,1.2482078947044104,0.1115898225480638,0.0,-0.5281538461538462,-0.257491822650581,0.106434884025285,9.842240693304632
2015-06-30,2015.25,9.84066718120015,1.7786890783949183,1.2572852004987496,0.1251242973054012,0.0,-0.5537692307692308,-0.123317416564928,0.306678596513744,9.847285895584612
2015-09-30,2015.5,9.84466164331584,1.2848963631857897,1.203518644447153,0.1386605968271892,0.0,-0.4605384615384615,0.323446898742102,0.609857202127174,9.852353940047715
2015-12-31,2015.75,9.846504735042943,0.9959091954026474,1.1817902778030076,0.1623535125718334,0.0,-0.4277692307692308,0.264552968706645,0.398308987992152,9.857450824591613
2016-03-31,2016.0,9.852283201561416,1.6720951998167704,1.4328974592000312,0.3656651045333747,0.0,-0.3081538461538461,0.302862286946003,0.250040330209978,9.862574546876433
2016-06-30,2016.25,9.85548929722409,2.1878870669184804,1.5351969563309216,0.3792338344817958,0.0,-0.3744615384615385,-0.0051150682811307,-0.0418694772228516,9.86767901442725
2016-09-30,2016.5,9.862558156415194,1.731736317102495,1.646906944810098,0.4029835139573556,0.0,-0.3573571428571429,-0.145191639726831,-0.4079766403196529,9.87272876458294
2016-12-31,2016.75,9.868085841701404,1.3757026939754642,1.7418553194533024,0.4572895404542532,0.0,-0.4196923076923077,0.0142832158572245,-0.204090527858525,9.877728061625202
2017-03-31,2017.0,9.87294292903244,1.8524055397911727,1.786932904446903,0.7122397700212613,0.0,-0.49,-0.0078975152921444,-0.247828166832903,9.882704608796512
2017-06-30,2017.25,9.878526040045418,1.3352790660718787,1.5737809042352526,0.9678352597670914,0.0,-0.5374615384615384,-0.264398304848673,-0.287780625017169,9.887656548004577
2017-09-30,2017.5,9.886380355302268,1.2070075560621203,1.4425987139751588,1.17619654672092,0.0,-0.5717692307692308,-0.575248126530432,-0.51425601466598,9.892619571529696
2017-12-31,2017.75,9.89758778307166,1.7752058794532937,1.5424745103446162,1.2274985808250929,0.0,-0.6034615384615385,-0.67484091270804,-0.689437339387667,9.8976069441135
2018-03-31,2018.0,9.90568897762083,2.5374757999354807,1.7137420753806931,1.4775390533335877,0.0,-0.5629230769230769,-0.667325871450037,-0.601990761639774,9.902652606985582
2018-06-30,2018.25,9.9109831899246,2.141649255033196,1.9153346226210224,1.7763370549168878,0.0,-0.5456923076923077,-0.535933151304157,-0.296713636819681,9.907769438710185
2018-09-30,2018.5,9.917200794749824,1.272976031903866,1.9318267415814587,1.969130778624506,0.0,-0.5799230769230769,-0.527071759987231,-0.0775583128096175,9.91290491032682
2018-12-31,2018.75,9.918616234733008,1.863547623353964,1.9539121775566264,2.276284738297596,0.0,-0.4993076923076923,0.0635813186158865,0.490870592406048,9.918098002616778
2019-03-31,2019.0,9.924840007640276,1.6011751205105045,1.7198370077003822,2.4665600862041392,0.0,-0.5443076923076923,-0.358642160267292,0.0228583965733327,9.923377553808928
2019-06-30,2019.25,9.933156785573171,1.6863567581217491,1.6060138834725206,2.459634801491073,0.0,-0.5913076923076923,-0.449158952300807,-0.246514959312415,9.928653603684808
2019-09-30,2019.5,9.94478888815408,1.4827607624205297,1.6584600661016866,2.2451823371123503,0.0,-0.5436923076923077,-0.493505541715719,-0.359019053423999,9.93390399560502
2019-12-31,2019.75,9.951584524122136,1.4030377167228012,1.5433325894438958,1.6800765556660655,0.0,-0.5503076923076923,-0.664090696347868,-0.900808209736217,9.938990800920896
2020-03-31,2020.0,9.938333904414169,1.798525125158381,1.592670090605865,1.2856722474920534,17.30428571,-0.3457692307692308,-0.134475210546356,-0.095692709955377,9.94395219235942
2020-06-30,2020.25,9.8562906983739,-0.752659245209939,0.982916089772943,0.0608517898333715,72.03769231,-0.0771538461538461,-0.475019969828358,-0.365486150847373,9.948740801586998
2020-09-30,2020.5,9.931048194736348,2.964154456451131,1.3532645132805932,0.0946742948067624,66.55586957,-0.476076923076923,-0.904271867656945,-0.773492179101103,9.953255286940925
2020-12-31,2020.75,9.94231958439339,1.7932429441037057,1.4508158201258194,0.0912915313088014,68.50782609,-0.5397692307692308,-1.39187022458706,-1.11363950081569,9.957815547768586
2021-03-31,2021.0,9.956181230928127,3.4011855199124854,1.8514809188143453,0.0811439248725731,67.61477778,-0.6246923076923078,-1.53223162597348,-1.60863280250596,9.962551650869637
2021-06-30,2021.25,9.973056944469892,5.646275668095427,3.451214647140687,0.0709973444098288,56.63527473,-0.6816923076923077,-1.75280205164511,-1.57375186765698,9.967508241114617
2021-09-30,2021.5,9.981273623611813,4.718863743198378,3.889891968827499,0.0912915313088014,51.20445652,-0.6553846153846153,-1.62758058614586,-1.09919210559388,9.972794669597258
2021-12-31,2021.75,9.998285646701524,5.169614291442868,4.733984805662289,0.0811439248725731,50.84456522,-0.5875,-1.56033092922248,-0.699965124749369,9.97831767133901
2022-03-31,2022.0,9.995734408788572,5.95112913083901,5.371470708393921,0.1217405075580435,42.63344444,-0.47375,-1.02734150407217,-0.19182061330545,9.98408657775732
2022-06-30,2022.25,9.997298654739424,4.74764834727254,5.146813878188199,0.7837413949603578,29.13472527,-0.2871538461538461,0.0398618134134604,0.868660194999821,9.99007687751916
2022-09-30,2022.5,10.004491718064717,5.013761321552019,5.220538272776609,2.2451823371123503,27.94532609,-0.1869285714285714,0.64365725205101,1.33818579972624,9.996281324339298
2022-12-31,2022.75,10.01137040941504,4.605256315895888,5.079448778889864,3.773334781830173,23.7509434,-0.1599230769230769,0.999348948059596,1.61077929137036,10.002644984364611
2023-03-31,2023.0,10.018582846114288,4.610510440361316,4.7442941062704405,4.685570937668393,0.0,-0.2476153846153846,0.551131165024861,0.933588011121772,10.009174713567166
2023-06-30,2023.25,10.024841936662304,3.891129430600593,4.530164377102453,5.189105545524808,0.0,-0.2007692307692307,0.479678031691667,0.138309419896914,10.01582771146755
2023-09-30,2023.5,10.036311964058395,2.3402391913566354,3.861783844553608,5.477414120375168,0.0,-0.3026923076923077,0.687607045758049,-0.0868136267753106,10.022495212760418
2023-12-31,2023.75,10.044717113084864,2.114063018713469,3.238985520258003,5.552289339379324,0.0,-0.3166153846153846,0.522281438767651,-0.408437042662131,10.029157472357523
2024-03-31,2024.0,10.04681352749951,3.918650567066994,3.066020551934423,5.552289339379324,0.0,-0.4123076923076923,0.0637430115439287,-0.57831828868874,10.035784545332918
2024-06-30,2024.25,10.055629416042246,2.8421418063750226,2.80377364587803,5.552289339379324,0.0,-0.4063846153846153,0.0965038535155799,-0.367079951441123,10.042337487466488
2024-09-30,2024.5,10.063843369191297,2.324435985128829,2.799822844321078,5.480978405593895,0.0,-0.3829230769230769,-0.24567479088121,-0.716215341053391,10.04875155279327
2024-12-31,2024.75,10.068431574119623,2.6810800379859114,2.941577099139189,4.827167980753533,0.0,-0.4593076923076923,-0.21558744075704,-0.45360685321988,10.05498650620873
2025-03-31,2025.0,10.066805088063203,3.222554843516833,2.767553168251649,4.487655465253582,0.0,-0.4768461538461538,-0.196506510506274,0.0132364043464516,10.061117448027176
2025-06-30,2025.25,10.07622061967116,2.566687700768396,2.698689641849992,4.487655465253582,0.0,-0.435076923076923,-0.73577194975118,-0.387529950010149,10.066818153166247
2025-09-30,2025.5,10.086926568073764,2.835614262413149,2.8264842111710724,4.448823081344999,0.0,-0.5186923076923077,-1.04018977096041,-0.543783664617353,10.07239252802282
2025-12-31,2025.75,10.088129290626568,2.6222861571262026,2.811785740956145,4.0296462205099415,0.0,-0.5140769230769231,-1.0706075339934,-0.700118904733275,10.077912340797385
2026-03-31,2026.0,10.092149632329503,4.258506784273539,3.0707737261453216,3.759308533249217,0.0,-0.5206153846153847,-0.923186061437593,-0.750567319945166,10.08352056923122
