date,kind,ffr,t10yr,mortgage,bbb,stock,house,dollar
1990-06-30,quarter,-0.0244945451749086,0.0058757122950386,0.0187176379187537,0.0169756376802925,-0.287833267666234,-0.114930409550887,0.621362513807268
1990-09-30,quarter,-0.0224412172423621,0.0081057954224583,-0.0336287854688794,0.0126913776475949,0.0876344730790061,-0.109372717452159,0.396723323340567
1990-12-31,quarter,-0.0584935985106122,0.0113230890020597,-0.0581348940363307,0.037337178730641,-0.144456780905761,-0.0874726022485593,0.198104793171264
1991-03-31,quarter,-0.177129886717616,0.0108215295898865,-0.138916391782814,0.0269490817334781,-0.41996899447467,-0.0588603637593773,0.225055235886328
1991-06-30,quarter,-0.192471758597966,0.018851167590912,-0.0905777681521526,-0.0311826257511391,-0.361138551944052,-0.0545602420473656,0.388748997973341
1991-09-30,quarter,-0.15790480896795,0.0246287930448613,-0.132533491297245,-0.0706525132292996,-0.434953407196415,-0.0546670467343245,0.379550395466245
1991-12-31,quarter,-0.19034412223991,0.0275657191200261,-0.216773961764621,-0.114993383421615,-0.526342777700635,-0.0552951337111574,0.242420202072907
1992-03-31,quarter,-0.214002301332257,0.0278010875543141,-0.142983077034964,-0.140801313763136,-0.390547746244538,-0.0624552080153229,0.25503323427168
1992-06-30,quarter,-0.179167616990487,0.0195208997956576,-0.126126523617754,-0.141037844908978,-0.291115540338864,-0.067666819785879,0.257609771689157
1992-09-30,quarter,-0.177198557055868,0.0198246457286029,-0.224738727788656,-0.188713703056295,-0.284504659723542,-0.0687009774548255,0.107157116278679
1992-12-31,quarter,-0.149747227591953,0.026684587763262,-0.11581451868277,-0.19696907753441,-0.395279300229277,-0.0827763201516374,0.317148846994336
1993-03-31,quarter,-0.105547202481593,0.0421873883936033,-0.206018915505719,-0.249920154684382,-0.47844875833525,-0.0956604867690188,0.445864346726409
1993-06-30,quarter,-0.0813641170182647,0.0512130723309712,-0.194221579929574,-0.295250689760668,-0.440350625794639,-0.104865056019596,0.383820760381049
1993-09-30,quarter,-0.0499763110265203,0.0559000370973128,-0.229043881261373,-0.32264703352148,-0.492550502938431,-0.119021668270705,0.451063077662619
1993-12-31,quarter,-0.0459548529504307,0.0568309485083033,-0.159660281271134,-0.320101258442053,-0.421678981342487,-0.134163808999602,0.500806653311355
1994-03-31,quarter,-0.0043618810863892,0.0526230641858602,-0.0554065266652793,-0.265077410482475,-0.227058649364789,-0.143601919063881,0.605522619349265
1994-06-30,quarter,0.0674616795195824,0.0417104539902956,0.199293231375854,-0.148517439929611,-0.151020797683416,-0.149915257497978,0.592130785329882
1994-09-30,quarter,0.106261524579021,0.0277743351849202,0.162682636019874,-0.0914819452629624,-0.203830777317784,-0.153143621345702,0.433738268299003
1994-12-31,quarter,0.141740297736912,0.0106519671409024,0.241134053250006,-0.0106832348085431,-0.143462370262767,-0.139612858048187,0.327050025661805
1995-03-31,quarter,0.163813194788231,0.0023916667309143,0.0879361677623385,0.0118282531888159,-0.307424404362578,-0.12053434956548,0.432284200134572
1995-06-30,quarter,0.135296578968782,0.0036589245540785,-0.104332380236577,-0.028176291213677,-0.449909565900711,-0.106691308992287,0.184752159072549
1995-09-30,quarter,0.0765871435640636,-0.0016529068115116,-0.121278965732483,-0.0253770816991806,-0.572116114332768,-0.0996206662489605,0.212512456335638
1995-12-31,quarter,0.0500827759911271,0.0022426667076554,-0.168568526257338,-0.0533075690623369,-0.583328954130184,-0.0996773405805662,0.301167121030921
1996-03-31,quarter,0.0036098190628199,-0.0037975935186069,-0.120760804902921,-0.0344566422490078,-0.614044467237217,-0.0989491827132766,0.35649566494502
1996-06-30,quarter,-0.004216287421984,-0.0141668538185591,0.0865183640329178,0.0342037730513931,-0.622695490911897,-0.0894360875207044,0.351291483101629
1996-09-30,quarter,0.0016872244320153,-0.019371664903351,0.06322985023557,0.0455021527206857,-0.604992040868996,-0.0850901139094244,0.313842469816033
1996-12-31,quarter,-0.0013088210289674,-0.008822061935302,-0.0452329533668965,-0.0104483533435966,-0.684145774101232,-0.0866029851384476,0.288776683986672
1997-03-31,quarter,-0.0076411672667705,0.0046050211436131,-0.010580820134921,-0.0445618162665533,-0.637577821058749,-0.0888032586421279,0.381282572783455
1997-06-30,quarter,0.0173964416241964,0.0210831199236494,0.0038387927609093,-0.0889033535697984,-0.900172444139339,-0.0949321757453825,0.389394870580255
1997-09-30,quarter,0.0109006238584932,0.0278521756937563,-0.0922455078850333,-0.13353179983971,-0.987432419260665,-0.100650776474204,0.414016124082327
1997-12-31,quarter,0.0054342079123943,0.0305762082606824,-0.121516276945281,-0.14965533368039,-0.907365652124215,-0.111912008390694,0.527785826911007
1998-03-31,quarter,4.2982880044363e-06,0.0240123150675401,-0.116777373221338,-0.130364031775743,-1.01611567444367,-0.127124539537513,0.702650825554761
1998-06-30,quarter,0.000873777289947613,0.0112551491126842,-0.07149879567182,-0.0820323604763848,-0.905917406260796,-0.136766314989002,0.648805581226946
1998-09-30,quarter,0.0063061497465981,0.0105675541935653,-0.104658026021199,-0.0659026419468133,-0.492986623737346,-0.151980115750089,0.682712647549558
1998-12-31,quarter,-0.0623706596163093,0.0175219484284005,-0.0908536054580103,-0.0589972765983335,-0.805146127300795,-0.161853684942819,0.443028459075406
1999-03-31,quarter,-0.0538814774103569,0.0252963727019899,-0.044745813528535,-0.0591021941095962,-0.786098833004551,-0.172567631283992,0.377217513033148
1999-06-30,quarter,-0.0409252426033839,0.030842995448695,0.0374168531675406,-0.0481222603939847,-0.85072366086177,-0.186050689641901,0.30322539260237
1999-09-30,quarter,0.0109476619628553,0.0243809793397874,0.145808244843357,0.0060285919946226,-0.598698249141559,-0.193728570897744,0.203968077073419
1999-12-31,quarter,0.0228083854914934,0.0153010762293776,0.11933714573694,0.0502853847296108,-0.835505487952616,-0.20370809463506,0.0936506296290259
2000-03-31,quarter,0.0575141202511169,0.010514381792952,0.176851442649575,0.0831644856697029,-0.798082759202029,-0.190837213878031,0.0826002043676681
2000-06-30,quarter,0.0921013607755128,0.0055057131344757,0.133923586659039,0.126478467294163,-0.553816353768271,-0.195568201074737,0.152308408198249
2000-09-30,quarter,0.0896747673230827,-0.0031400625581425,0.0425787188527068,0.137785747465704,-0.446311587947134,-0.208598901333577,0.179990154883977
2000-12-31,quarter,0.0619411347994138,-0.0055916801171137,-0.0545117072796366,0.146028542433202,-0.133310279930982,-0.223194570340232,0.293559523174401
2001-03-31,quarter,-0.0437955341073496,-0.0053011825365883,-0.16739236314265,0.0935958563564471,0.197307992711748,-0.22785183999698,0.294265536619481
2001-06-30,quarter,-0.153275224967497,-0.0073967303456235,-0.0881814235313373,0.0658902016934122,0.0348037068427461,-0.231560654986085,0.358282921500028
2001-09-30,quarter,-0.191450515843008,-0.0087825981696721,-0.107190073152174,0.024548114261121,0.379211295510795,-0.239346868619482,0.304919410338873
2001-12-31,quarter,-0.264676089603864,-0.004128286646996,-0.107900559040702,-0.0055029797186375,0.195279162787309,-0.239962161510879,0.278477551074935
2002-03-31,quarter,-0.226057511045541,0.0075315622764572,-0.0439777379395781,-0.0200496925920347,0.189702196995121,-0.227435350279149,0.296418852332215
2002-06-30,quarter,-0.163780688758471,0.0190178182162335,-0.0705690749199609,-0.0364199595923372,0.498465823161813,-0.223460911402516,0.168655587231774
2002-09-30,quarter,-0.119210396471049,0.0341727336387895,-0.166277764927062,-0.0827991521053004,0.876282589056456,-0.229945950822402,0.0414170767283252
2002-12-31,quarter,-0.121888391305472,0.044006179881243,-0.164605256920222,-0.131296484716088,0.721766409199068,-0.236141236178481,0.0341520051442457
2003-03-31,quarter,-0.111899333849589,0.0492776881641959,-0.173593543528311,-0.215856258332429,0.724470319094959,-0.226722929331742,-0.0996630746001221
2003-06-30,quarter,-0.0810169951128597,0.0490537624873155,-0.1955564488264,-0.298055833642191,0.294535071903291,-0.229614760664682,-0.293562943845008
2003-09-30,quarter,-0.077853570387587,0.0393713248316253,-0.0212723106451358,-0.269883636625302,0.144617938247454,-0.244202085452097,-0.294207089013698
2003-12-31,quarter,-0.0521941415761741,0.0324087000909906,-0.0495536200676076,-0.265930466921454,-0.165329049671094,-0.257127375605618,-0.4167261502949
2004-03-31,quarter,-0.0342681709420609,0.0276854442095376,-0.096356579585822,-0.257812666436649,-0.265498918081389,-0.261877539340663,-0.474079801152532
2004-06-30,quarter,-0.0197373780096174,0.0236548134140053,0.0459081251450303,-0.191723840339062,-0.239160174825261,-0.286072036224783,-0.299590894020285
2004-09-30,quarter,0.0290999242580588,0.0216005801059564,-0.0330269551258309,-0.185367521622504,-0.204909620382544,-0.32244515017959,-0.276342621476926
2004-12-31,quarter,0.0717907687408419,0.0221070426043303,-0.040792791773951,-0.193713047549409,-0.358454234251777,-0.343913221054969,-0.40329066627966
2005-03-31,quarter,0.103165074060637,0.0209106676917705,-0.0305688757007771,-0.177885131112439,-0.331635514481547,-0.352454028845709,-0.389348575050704
2005-06-30,quarter,0.117467744512551,0.0148216145418053,-0.0304961238597509,-0.146122179232129,-0.410616340119317,-0.372413225991615,-0.271417343072857
2005-09-30,quarter,0.134822914410199,0.0017585994935478,-0.0060412886128195,-0.109164198865232,-0.508204752492765,-0.392422727401081,-0.198297349622536
2005-12-31,quarter,0.148202102693962,-0.0072117560259578,0.0961972456841866,-0.0227429333173048,-0.460994244318514,-0.390432200110523,-0.0967592351873549
2006-03-31,quarter,0.155671280396006,-0.0096382008729979,0.0711856756503508,0.0315851242968234,-0.505982825252735,-0.357544341283566,-0.109996800477312
2006-06-30,quarter,0.155065823613624,-0.0158212231228902,0.134181556127508,0.105240243263366,-0.330263359209511,-0.322228745876424,-0.158084491092609
2006-09-30,quarter,0.145307897243692,-0.0120753315250738,0.0787327637904701,0.111016083898581,-0.345037514588649,-0.261926359762108,-0.166193998498864
2006-12-31,quarter,0.103401355207015,-0.0090999385978528,-0.002670664412418,0.0921336972309628,-0.404504860396065,-0.181869929925079,-0.172895579834883
2007-03-31,quarter,0.0756431089103601,-0.0110387287833562,-0.0068475322024156,0.0949955600695428,-0.388289187156731,-0.100115593219393,-0.155242252641628
2007-06-30,quarter,0.0521757261922018,-0.0069299454328745,0.0245295512229411,0.0820253626590718,-0.451976057185168,-0.027852696753346,-0.245382620285596
2007-09-30,quarter,0.0225432188701722,-0.0117197913976565,0.0616392924748496,0.106213513182083,-0.425695053298586,0.0466654491793886,-0.306879474604058
2007-12-31,quarter,-0.044169044466761,-0.0110041256333406,-0.0288044595079572,0.0920201530203575,-0.273041687075278,0.119235272296379,-0.453215314263774
2008-03-31,quarter,-0.164325545472989,-0.0038234736718212,-0.0911985278867668,0.0789197093838137,-0.0176243041775744,0.192734972280837,-0.499795013641467
2008-06-30,quarter,-0.223775009676974,-0.00029799953971978,-0.0166810390439384,0.0852743490201046,0.0550928803943753,0.25876624630808,-0.520796577528722
2008-09-30,quarter,-0.171652065392911,0.00577213789527,0.0286519162310212,0.115151640281427,0.280394702765755,0.321590917826912,-0.333995894063192
2008-12-31,quarter,-0.262799168113434,0.0180668129739614,-0.0829511380867568,0.295737952004803,0.836344525697463,0.37309184652049,0.29360325880206
2009-03-31,quarter,-0.21960373640411,0.0279758486212856,-0.227718339523798,0.289492905890463,1.05210930921757,0.399900177186892,0.508797694036025
2009-06-30,quarter,-0.16653911783187,0.0330923447804436,-0.164520520879834,0.199765028492231,0.650115984642006,0.395799739261699,0.332585760039192
2009-09-30,quarter,-0.117838720702485,0.029276030472675,-0.101797554059618,0.0561400500288168,0.275095429146084,0.37035640277628,0.121606506407479
2009-12-31,quarter,-0.0926014245938145,0.02792185404691,-0.118677515004245,-0.025083330033948,0.14678257383821,0.307780065620401,-0.0708802784411429
2010-03-31,quarter,-0.0663328595264217,0.0280649702649901,-0.0694082002168125,-0.0901133768104103,0.0274565383205146,0.217260332851181,-0.0727818292607182
2010-06-30,quarter,-0.0413049772123866,0.028144936089335,-0.0794408212006555,-0.127275034647323,0.305226356517176,0.125596497811684,-0.0028464638920343
2010-09-30,quarter,-0.0269298796336842,0.0275602726173103,-0.151952537425502,-0.182414315510286,0.0508979644774834,0.0914015228093042,-0.0473354904678722
2010-12-31,quarter,-0.0156792931820208,0.0238935871129868,-0.104694288007104,-0.204370280340697,-0.214564796824954,0.0875615238802191,-0.19640649483329
2011-03-31,quarter,-0.0114124847051205,0.0165398725252518,0.0059547107999561,-0.208312286965902,-0.388099607669504,0.0936299491862321,-0.26910988049724
2011-06-30,quarter,-0.0115863032666995,0.0179893283597202,-0.0406770966759911,-0.300093054666776,-0.413064950783262,0.117602981105582,-0.39891385084426
2011-09-30,quarter,-0.0073721461335898,0.0184934799051094,-0.103659764685796,-0.366460696801982,-0.106750848048949,0.13746330882059,-0.338461367604824
2011-12-31,quarter,-0.0052422059266275,0.0217120099048819,-0.137648468409119,-0.415749296504873,-0.34727268300389,0.148027368733195,-0.0677677734890569
2012-03-31,quarter,-0.000190436511324859,0.0255639957645404,-0.111455450091395,-0.349493080310721,-0.56004619346563,0.125614929237949,-0.0307667225085577
2012-06-30,quarter,0.0043131768055273,0.0380513870059691,-0.110224171229963,-0.255491714987696,-0.367212846131383,0.0672631041138276,0.100803083336553
2012-09-30,quarter,0.0019326745945949,0.0464706682378298,-0.133090055738144,-0.179559007606751,-0.42813020022091,0.0017297982317362,0.120896010372091
2012-12-31,quarter,0.0026634857097849,0.0478097080025589,-0.137094254253848,-0.166967950119951,-0.37290988094242,-0.0747531284912064,0.0429953877338558
2013-03-31,quarter,-0.000251684987848823,0.0441367639035748,-0.0684013884409626,-0.144210757376536,-0.572090485711793,-0.158807825640274,0.0565235182954725
2013-06-30,quarter,-0.0025024384323104,0.0362855183085979,-0.0134122846189967,-0.123089813422938,-0.581663736490758,-0.243699229211072,0.103569639606512
2013-09-30,quarter,-0.0047342719788212,0.0243985844590188,0.15523920330968,-0.0553994087049436,-0.579288523548858,-0.295177634565276,0.151462914122452
2013-12-31,quarter,-0.0029951370811603,0.0224675055868878,0.0736227777611187,-0.0519466346840532,-0.669700266987087,-0.314838387287272,0.110503636823641
2014-03-31,quarter,-0.0033014625807946,0.0192624868226937,0.0750170290953641,-0.0602010966393988,-0.653857114286619,-0.307820910090511,0.16270507475516
2014-06-30,quarter,-0.000464402453636073,0.0062992099174897,0.0181819225577148,-0.068864162575638,-0.699007898066978,-0.289655559558012,0.0984651293921844
2014-09-30,quarter,-0.00082787040455997,-0.0070781701259612,0.0054262576302577,-0.0670122225972227,-0.647767340204781,-0.254047120851044,0.117518548154472
2014-12-31,quarter,0.000592829102783166,-0.0123384560751789,-0.0368060106922438,-0.0556800477448339,-0.638304700243858,-0.205455489302361,0.323730075940223
2015-03-31,quarter,0.0013794426138906,-0.0117738014164047,-0.0743397770140337,-0.0314455907788715,-0.557024783486513,-0.177092011910293,0.592804699341649
2015-06-30,quarter,0.0021876128533055,-0.0148021387317337,-0.0262073093862579,-0.0082625529948149,-0.498221830853259,-0.164846459067511,0.586835261615347
2015-09-30,quarter,0.0025303071627076,-0.0150764043893112,0.001979209295736,0.0395903807421898,-0.229162319626432,-0.16365929945745,0.687245025014667
2015-12-31,quarter,0.0043944522720232,-0.0120872456331399,-0.0067160347625678,0.0707882271595324,-0.295647078948704,-0.17195343665,0.675774085269501
2016-03-31,quarter,0.0236492596907255,-0.00091394618641219,-0.0427481372879038,0.0728825607270269,-0.224259347917704,-0.181511288953289,0.655763186873553
2016-06-30,quarter,0.0168476848180606,0.0083898057670196,-0.0634433512008161,0.0102424050461015,-0.219591941456414,-0.185961487988622,0.428401816733539
2016-09-30,quarter,0.0148775454970465,0.0231302306482963,-0.0791438906139129,-0.0447550704913376,-0.243379356916969,-0.182122141374758,0.366201043524802
2016-12-31,quarter,0.0145647545210425,0.0209312949507556,0.029627306059577,-0.0140074492350249,-0.272996777848414,-0.18743591395401,0.423600001363303
2017-03-31,quarter,0.0368332118369242,0.0153614808455369,0.103364548806777,0.0062023538366966,-0.348933601093279,-0.192610979456893,0.371885469932099
2017-06-30,quarter,0.0507680329864883,0.0095298406357937,0.0316649923478712,0.0015541300458285,-0.348997246561145,-0.199252416521353,0.190334362217842
2017-09-30,quarter,0.0566807038185099,0.0034682327124749,0.0156892069366808,-0.0090791075721007,-0.395620307277772,-0.193157088454825,-0.0532297666933996
2017-12-31,quarter,0.043826757313054,-0.0014476942541353,0.0166328712067858,-0.0126936414412626,-0.460405382929052,-0.194680511530226,-0.0660733110732057
2018-03-31,quarter,0.0556229362183946,-0.007721414746662,0.108790345517736,0.007825218911853,-0.407293255323986,-0.203103641665853,-0.221446060361522
2018-06-30,quarter,0.06825855271244,-0.0090612376926842,0.130389639504752,0.0321749701279467,-0.442507337664852,-0.204739812504343,-0.110447925787415
2018-09-30,quarter,0.0685335592610018,-0.013677257300711,0.107516813976175,0.0238079411286116,-0.557357589283832,-0.204731707996026,0.0488364802275552
2018-12-31,quarter,0.0775482911311163,-0.0202558078660248,0.120816336612295,0.0570339477833098,-0.145146391025893,-0.189486103223777,0.163071045204868
2019-03-31,quarter,0.0729423470606309,-0.0253029910317438,-0.013332654758963,0.0561319955173103,-0.392919653630593,-0.186217287445966,0.130056084022039
2019-06-30,quarter,0.0518129990228276,-0.0217137358515247,-0.0802046136217485,0.0463329159946092,-0.429764454797686,-0.169986800065454,0.154364737018177
2019-09-30,quarter,0.016390395366228,-0.0112775559871137,-0.144541283913895,0.0035055090229766,-0.386214541882749,-0.144279218320628,0.172911153999461
2019-12-31,quarter,-0.0424244829026437,0.002521706804485,-0.103391114806769,-0.0327398199521217,-0.492161358512542,-0.145173254203181,0.149277627224903
2020-03-31,quarter,-0.070082761714238,0.0120580273083341,-0.157306923844097,-0.0315319490217246,0.0923720368892598,-0.163545306909792,0.183561666745896
2020-06-30,quarter,-0.1661669011765,0.0202703377243674,-0.182028002110545,-0.0282023980496878,-0.284358141454443,-0.157598626017559,0.323063761256005
2020-09-30,quarter,-0.110919921225955,0.0310186597541711,-0.222736090489788,-0.109107721268517,-0.420829810941055,-0.183555079935572,0.111858096449768
2020-12-31,quarter,-0.0829903689078769,0.0403042514230611,-0.182446350220614,-0.150949062232472,-0.663056892255636,-0.281293343074856,-0.0714384593186687
2021-03-31,quarter,-0.057355029714519,0.0452329850507201,-0.068158902713458,-0.181483155154646,-0.71975536620389,-0.372144970268871,-0.178567186968826
2021-06-30,quarter,-0.0489326086439937,0.0444177541323336,-0.0262834903123052,-0.199180181481634,-0.819566886962048,-0.48138671426599,-0.221869924111481
2021-09-30,quarter,-0.0356184411199311,0.0420519901747301,-0.0391414016546072,-0.211144465951022,-0.712855346046669,-0.523714060901584,-0.147158860646779
2021-12-31,quarter,-0.0278657586864497,0.0367475213017253,0.0238115218535281,-0.183406861713473,-0.84732321911934,-0.519359285751568,-0.0429348471069015
2022-03-31,quarter,-0.0141847698956716,0.0209059429532395,0.200032652386664,-0.0760936066532295,-0.58497349031578,-0.582401725031375,0.0093734924839772
2022-06-30,quarter,0.0550930155722556,0.0017262970717191,0.441568075435176,0.0774262002000414,-0.0909070314719719,-0.616620873276721,0.171576129882961
2022-09-30,quarter,0.184430272397101,-0.0182639172718042,0.421822551261024,0.166066644385227,0.0224967332557471,-0.492931173386274,0.360036141409991
2022-12-31,quarter,0.276617956347935,-0.038945156944448,0.49728117780608,0.253976217353605,-0.0624948933710357,-0.32862205959857,0.401535706466025
2023-03-31,quarter,0.281834250022123,-0.0572208089643109,0.303930533544834,0.257841252457203,-0.253680940538017,-0.174728335108997,0.19315521361202
2023-06-30,quarter,0.242462215855914,-0.0701503004207895,0.292951950354305,0.28906608438427,-0.298732898464343,-0.0864189901924007,0.110499970174706
2023-09-30,quarter,0.199540868942259,-0.0740199139745935,0.320062500361202,0.356505986544354,-0.16039159876533,-0.0288112418306561,0.0747204444808051
2023-12-31,quarter,0.153600838263704,-0.0737546903612761,0.265302928971536,0.369060647222753,-0.304360736859714,0.0103289394273025,0.102103512103342
2024-03-31,quarter,0.115406760648003,-0.0701394766297581,0.082265145734134,0.320578904996967,-0.442665183427774,0.0143425617771882,0.0439542984451627
2024-06-30,quarter,0.0860085030408432,-0.0712745117937224,0.112298494528202,0.316405368848599,-0.427839220918417,-0.0209241722142286,0.101829392024298
2024-09-30,quarter,0.0561577660483386,-0.0694614399653513,-0.0489101953823117,0.248835220041397,-0.501000080368741,-0.0244918362844731,0.0931957750299245
2024-12-31,quarter,-0.0229550904409195,-0.058365264053136,0.0295186904208563,0.184605035858306,-0.512884391737384,-0.0319742234527133,0.196467802647942
2025-03-31,quarter,-0.0515881204192605,-0.0471750131976718,0.005056107427289,0.112710921595539,-0.41324823974316,-0.0505190710643668,0.248256904895347
2025-06-30,quarter,-0.0411274405701998,-0.0286811610255837,-0.0211732376946635,0.0297620757068073,-0.651984401777844,-0.0477974805915939,0.02522969620189
2025-09-30,quarter,-0.0334197130232304,-0.0228739539436972,-0.0871903959129988,-0.0303911726974037,-0.757452239072256,-0.022420618221822,-0.0864416780890097
2025-12-31,quarter,-0.0662166842043145,-0.0131379368457403,-0.128853861928615,-0.0720485119816048,-0.697066169212918,-0.0070788802400313,-0.086205489580182
2026-03-31,quarter,-0.0754694970034888,-0.0121873343277756,-0.106157873476641,-0.0609861202102733,-0.504637804199016,0.000764532700379875,-0.164511964920783
2026-06-30,quarter,-0.0565394874600521,-0.0083774744875,-0.0180089708091091,-0.0547696451762114,-0.711347494170746,0.0045496119606569,-0.148441444860816
2026-07-31,official,-0.0515256396255419,-0.0069717596105064,0.016952639928847,-0.0495207055496662,-0.668907837539753,0.0022675166146602,-0.1196255306225
2026-08-03,nowcast,-0.0509823909099746,-0.0066585393110059,0.0184028342032517,-0.0494902144986116,-0.6962950075441011,0.0022675166146602,-0.1177513831985452
2026-08-04,nowcast,-0.0508004483867847,-0.006516958413745,0.0193483576014737,-0.0496759799099187,-0.7382221282636173,0.0022675166146602,-0.117418971074341
2026-08-05,nowcast,-0.0506185058635947,-0.006494680732155,0.0202532756568135,-0.0494759996219058,-0.7370499179667188,0.0022675166146602,-0.1165386551971632
2026-08-06,nowcast,-0.0504365633404047,-0.0066002928403053,0.0215915642204808,-0.0487822895391373,-0.7240967624663867,0.0022675166146602,-0.1152152335216049
2026-08-07,nowcast,-0.0502402331416458,-0.006585647057775,0.022840803517529,-0.0484985055890066,-0.7346989397350553,0.0022675166146602,-0.1142475546049262
2026-08-10,nowcast,-0.0496491022479122,-0.00627257361064,0.0240159550558212,-0.0482676413760832,-0.7230812156287131,0.0022675166146602,-0.1128080392488777
2026-08-11,nowcast,-0.0494520586166676,-0.0061180708814664,0.02509276638557,-0.0483501091712028,-0.7179206596436151,0.0022675166146602,-0.111757452057143
2026-08-12,nowcast,-0.0492550149854231,-0.0060909796925408,0.0259130991754564,-0.0481184231972521,-0.721571267472643,0.0022675166146602,-0.1108638974213912
2026-08-13,nowcast,-0.0490582855584432,-0.0061651277614074,0.0265926144345321,-0.0476150430767642,-0.737731163454114,0.0022675166146602,-0.1098955558205148
2026-08-14,nowcast,-0.0488615561314632,-0.0061261499467471,0.0276438517440096,-0.0473929448912491,-0.7244034497773267,0.0022675166146602,-0.1094342567915682
2026-08-17,nowcast,-0.0482713678505234,-0.0057373797230603,0.0279692945692671,-0.0473330534461443,-0.7253624857925883,0.0022675166146602,-0.1093701560257301
2026-08-18,nowcast,-0.0480746384235434,-0.005632544016994,0.0281821813197397,-0.0473828166409129,-0.7079868306067828,0.0022675166146602,-0.1094165821965013
2026-08-19,nowcast,-0.0478635213210048,-0.005639472034678,0.0279723321887245,-0.0472105547201331,-0.7123526448307788,0.0022675166146602,-0.1096607416981789
2026-08-20,nowcast,-0.0476524042184664,-0.0057207005742024,0.0282115143653918,-0.0466761835290129,-0.6961729099430772,0.0022675166146602,-0.1098725144786745
2026-08-21,nowcast,-0.047441287115928,-0.0056661709528164,0.028693156162547,-0.0465315619043245,-0.7059158434243916,0.0022675166146602,-0.1104499693039721
2026-08-24,nowcast,-0.0468079358083125,-0.005358091504506,0.0286918732540641,-0.0460715322860352,-0.6888258865458069,0.0022675166146602,-0.1095187674428555
2026-08-25,nowcast,-0.0465968187057741,-0.0052635308181135,0.0289621986343684,-0.0460086091509398,-0.6900904697294973,0.0022675166146602,-0.109460255338659
2026-08-26,nowcast,-0.0463857016032356,-0.0052823798853543,0.0293207105832304,-0.0456676875722643,-0.6881091538264806,0.0022675166146602,-0.1089206454758629
2026-08-27,nowcast,-0.0461745845006971,-0.0053653471742454,0.0296378704364277,-0.0450883262503155,-0.7026811610093481,0.0022675166146602,-0.1079351395148172
2026-08-28,nowcast,-0.0459665273151734,-0.0053200798882985,0.030149826985585,-0.0448606537897113,-0.689394702065495,0.0035090565538011,-0.1066706723522001
