date,fci,fci_gap,kind
2026-07-31,-0.877331316404464,-0.062076316404464094,official
2026-08-31,-0.885853372722202,-0.07059837272220204,official
2026-09-01,-0.863685447328143,-0.048430447328143056,nowcast
2026-09-02,-0.8716778723195057,-0.05642287231950571,nowcast
2026-09-03,-0.8981599072111766,-0.0829049072111766,nowcast
2026-09-04,-0.8885043331668973,-0.0732493331668973,nowcast
2026-09-08,-0.8865325091505027,-0.0712775091505028,nowcast
2026-09-09,-0.8729633822000491,-0.057708382200049146,nowcast
2026-09-10,-0.8612068821042016,-0.04595188210420165,nowcast
2026-09-11,-0.8699792103983366,-0.05472421039833664,nowcast
2026-09-14,-0.853359139497183,-0.038104139497183054,nowcast
2026-09-15,-0.8450603316758812,-0.029805331675881286,nowcast
2026-09-16,-0.8309114928486561,-0.01565649284865611,nowcast
2026-09-17,-0.8550295398393657,-0.03977453983936574,nowcast
2026-09-18,-0.8554080998444328,-0.04015309984443283,nowcast
2026-09-21,-0.8857844036729648,-0.0705294036729649,nowcast
2026-09-22,-0.8839442517932002,-0.06868925179320029,nowcast
2026-09-23,-0.861833039413009,-0.04657803941300909,nowcast
2026-09-24,-0.8531404226483464,-0.03788542264834649,nowcast
2026-09-25,-0.861270109605288,-0.046015109605288096,nowcast
