date,fci,fcistar,fci_gap,y_gap
1990-06-30,0.235673279309323,-0.20233370468016562,0.4380069839894886,2.2539277496517798
1990-09-30,0.339712249326225,-0.4297801489238725,0.7694923982500975,1.882761104407109
1990-12-31,-0.101792814797298,-1.1645300825244633,1.0627372677271654,0.9078918693810465
1991-03-31,-0.532049789524785,-1.2756745628430393,0.7436247733182543,0.3203969251480885
1991-06-30,-0.322330780928423,-1.034251029397269,0.711920248468846,-0.12928523049754403
1991-09-30,-0.446532078914128,-0.8753523339233338,0.4288202550092058,0.13872262033953575
1991-12-31,-0.833763457645006,-1.170314752965137,0.33655129532013095,-0.4473516984045318
1992-03-31,-0.667955324564224,-0.7623139179521718,0.09435859338794783,-0.2633126782600357
1992-06-30,-0.527983674157147,-0.7351554806095899,0.20717180645244293,-0.3561016979874694
1992-09-30,-0.816874863071905,-0.9252054194149331,0.10833055634302802,-1.0404128192018334
1992-12-31,-0.596753009432451,-0.5550414137470273,-0.04171159568542371,-0.0017947510773410613
1993-03-31,-0.64754378265595,-1.1029748873009395,0.4554311046449895,-0.597778318730775
1993-06-30,-0.681018235810722,-0.8377548494806369,0.15673661366991498,-0.10642592677663743
1993-09-30,-0.706276282258578,-1.2539073382312247,0.5476310559726467,-1.5002371218749886
1993-12-31,-0.523921581186048,-0.7885790393309071,0.2646574581448591,-1.458102671702818
1994-03-31,-0.0373607031276876,-0.8927216966943237,0.8553609935666361,-1.7944395644981341
1994-06-30,0.451142655104608,-0.10818531086062932,0.5593279659652373,0.15019142663572893
1994-09-30,0.282000420156369,-0.3948647309983779,0.6768651511547469,-0.37517434770052205
1994-12-31,0.426817880670128,-0.08228315864951258,0.5091010393196406,-0.2767057404632851
1995-03-31,0.270294728676814,-0.41721231014668736,0.6875070388235014,-0.574040461321033
1995-06-30,-0.365401883747843,-0.5166717653270256,0.15126988157918264,-0.6096158429589877
1995-09-30,-0.530946134925202,-0.44252487822203457,-0.08842125670316747,-1.0501397469181484
1995-12-31,-0.551389826300722,-0.5217103106260351,-0.02967951567468685,-0.9592129563060325
1996-03-31,-0.51190320661319,-0.6151900526779585,0.10328684606476846,-1.5348115474841961
1996-06-30,-0.258501099487205,0.070476175878185,-0.32897727536539,-0.3281545396322372
1996-09-30,-0.285192122477467,-0.1250723448965699,-0.1601197775808971,-0.1678616494614289
1996-12-31,-0.54778426492777,0.05912287431708654,-0.6069071392448565,0.7207534128664292
1997-03-31,-0.403277289442054,-0.3019776680682267,-0.10129962137382731,-0.11083226291339088
1997-06-30,-0.652294748565509,0.3764663722612211,-1.02876112082673,1.1756120516980673
1997-09-30,-0.861091579825036,0.1179668400642263,-0.9790584198892623,0.24922256857780667
1997-12-31,-0.726653028056496,-0.12822879390581207,-0.5984242341506839,0.334163331997388
1998-03-31,-0.663714180067959,-0.11729137017091182,-0.5464228098970472,0.2921081117054882
1998-06-30,-0.535280369768426,-0.16827393296552304,-0.3670064368029029,0.3504152256355155
1998-09-30,-0.115941055965726,0.07123421057874357,-0.1871752665444696,0.9802430628418506
1998-12-31,-0.718670946412461,0.4312470669488981,-1.1499180133613591,1.5529213047329904
1999-03-31,-0.713882063601893,0.05126886162392899,-0.765150925225822,1.3334803636830657
1999-06-30,-0.754336612282434,-0.0689883540539819,-0.685348258228452,1.5553366988657444
1999-09-30,-0.401293264825261,0.1636419332496715,-0.5649351980749325,2.02179345536274
1999-12-31,-0.737830960771229,0.5301507304736205,-1.2679816912448496,3.116967621292247
2000-03-31,-0.578275338349045,-0.1532645510944735,-0.4250107872545715,2.9492825351559304
2000-06-30,-0.239067018781568,0.46816230379449736,-0.7072293225760653,3.070317556245186
2000-09-30,-0.208021163313384,-0.3125896477501513,0.1045684844367673,2.646271125989074
2000-12-31,0.0849209627390525,-0.287336790645781,0.37225775338483347,2.279617809689512
2001-03-31,0.140828465904109,-0.8491830785057592,0.9900115444098683,1.6604525688131844
2001-06-30,-0.0214372037943564,-0.6303511608743648,0.6089139570800084,0.5233690776210551
2001-09-30,0.161908764326454,-1.3470512264160939,1.508959990742548,-1.2523783118317624
2001-12-31,-0.148413362658835,-1.136459436139038,0.9880460734802031,-1.2844500105754832
2002-03-31,-0.023867680252509,-0.9234309301937119,0.899563249941203,-1.7912843410488222
2002-06-30,0.191908593936535,-0.8894689214571129,1.0813775153936478,-1.1321105277747847
2002-09-30,0.353639135097757,-0.9662446762030025,1.3198838113007594,-1.300827385863272
2002-12-31,0.145993225104294,-1.1943847665427088,1.3403779916470027,-2.376116413264185
2003-03-31,-0.0539871323830391,-1.0827995123963778,1.0288123800133386,-2.8130113359236475
2003-06-30,-0.754218147700534,-0.8582219469207126,0.10400379922017866,-2.553873641315704
2003-09-30,-0.723429429044741,-0.37572657792079334,-0.3477028511239476,-1.3951120019403334
2003-12-31,-1.17445210404586,-0.4457463231658954,-0.7287057808799646,-0.8462405672830755
2004-03-31,-1.36220823132958,-0.793227394952164,-0.568980836377416,-0.5819860886384731
2004-06-30,-0.966721384859973,-0.8040226288480465,-0.16269875601192652,-0.3994381672731606
2004-09-30,-0.971391364423379,-0.7361793317684271,-0.23521203265495194,-0.8191377288857211
2004-12-31,-1.24626614956459,-0.6337397902616888,-0.6125263593029011,-0.17052266729990606
2005-03-31,-1.15781638343877,-0.5461843133312992,-0.6116320701074708,0.6943726997637896
2005-06-30,-1.09877585322131,-0.9212122332349884,-0.17756361998632175,-0.015473796346100244
2005-09-30,-1.07754880309069,-0.8929267822243111,-0.1846220208663788,-0.39975133956045283
2005-12-31,-0.733741020581506,-0.9914485486623976,0.2577075280808916,0.03127916739333614
2006-03-31,-0.72472008754343,-0.555639012613627,-0.16908107492980295,0.3595076943855702
2006-06-30,-0.431910196296936,-1.0021337780670971,0.5702235817701611,0.5822494666628018
2006-09-30,-0.450176459441953,-1.2288617106533302,0.7786852512113771,-0.5735982353502322
2006-12-31,-0.57550592072832,-0.9600067667131067,0.38450084598478673,-0.9705473717076529
2007-03-31,-0.490894625023621,-1.1955184576631497,0.7046238326395287,-0.8143875730070249
2007-06-30,-0.57341067958277,-1.1532992311633226,0.5798885515805525,-1.6437857045715418
2007-09-30,-0.507232845593808,-1.1687824300767498,0.6615495844829418,-1.6811716212890815
2007-12-31,-0.598979205630374,-1.094087859011874,0.4951086533815001,-1.2258144557138166
2008-03-31,-0.505112183185968,-1.7633469025443884,1.2582347193584205,-2.5664370973800033
2008-06-30,-0.362417150066794,-1.4145476868821674,1.0521305368153735,-3.0103609934920996
2008-09-30,0.245913355544282,-1.993172388188622,2.239085743732904,-3.942389265942552
2008-12-31,1.47109408979859,-3.2812814267848394,4.752375516583429,-8.192398100329115
2009-03-31,1.83095385902433,-3.0020684597662344,4.833022318790564,-10.086415950501191
2009-06-30,1.28029921850387,-2.374971456771056,3.655270675274926,-9.821948055191228
2009-09-30,0.632838144069232,-1.9745414791472373,2.6073796232164694,-9.659252840286513
2009-12-31,0.175241945432371,-1.3573375936199974,1.5325795390523684,-7.961978991052661
2010-03-31,-0.0258544243776766,-1.5202994048296143,1.4944449804519377,-8.157202214409608
2010-06-30,0.208100493465795,-1.2089469394825354,1.4170474329483305,-7.814360174547119
2010-09-30,-0.238772463133246,-1.1342085717329555,0.8954361085997096,-7.796508305698467
2010-12-31,-0.624260042194859,-1.1966651661566114,0.5724051239617525,-7.333765257386631
2011-03-31,-0.760809727326327,-1.6402977522061475,0.8794880248798205,-7.435503328727918
2011-06-30,-1.02874294677169,-1.230280834260347,0.20153788748865709,-6.6033198154606225
2011-09-30,-0.766748034549441,-1.6003914743496859,0.8336434398002449,-6.994566516692771
2011-12-31,-0.80394104869549,-1.0223340332923727,0.21839298459688272,-6.549053496934789
2012-03-31,-0.90077295788514,-0.9403374311965138,0.039564473311373805,-5.4137563908718676
2012-06-30,-0.522497981087165,-1.1474976843086415,0.6249997032214765,-5.725729539631743
2012-09-30,-0.569750112129554,-1.3241093484338522,0.7543592363042982,-6.2913838848281785
2012-12-31,-0.658256632361226,-1.3764162051605846,0.7181595727993586,-6.239160147353687
2013-03-31,-0.843101859958367,-0.932667536270041,0.089565676311674,-5.791114229358868
2013-06-30,-0.824512344260964,-1.2456344021152739,0.4211220578543099,-6.067310010276856
2013-09-30,-0.603499136906748,-0.936781810615072,0.3332826737083241,-5.374850647149174
2013-12-31,-0.832886505867925,-0.7754291467726362,-0.05745735909528882,-4.747821984699499
2014-03-31,-0.768195992924105,-1.4508488241076192,0.6826528311835142,-5.577255056172817
2014-06-30,-0.935045760786875,-0.6646399772185778,-0.27040578356829714,-4.497686188397665
2014-09-30,-0.85378791839884,-0.5116811464653157,-0.34210677193352435,-3.773386560742665
2014-12-31,-0.624261799015469,-0.8066763716943426,0.18241457267887362,-3.8934196912759944
2015-03-31,-0.257491822650577,-0.612222033736117,0.35473021108554004,-3.790113524979688
2015-06-30,-0.123317416564925,-0.5831121419636015,0.4597947253986765,-2.9999520558320683
2015-09-30,0.323446898742107,-0.6841069577998793,1.0075538565419864,-3.195309406166757
2015-12-31,0.264552968706645,-0.7746077077755207,1.0391606764821657,-3.58952169005056
2016-03-31,0.302862286945996,-0.5465540046222204,0.8494162915682164,-3.0608836295743913
2016-06-30,-0.0051150682811317,-0.5926454182527277,0.5875303499715959,-2.737089217419566
2016-09-30,-0.145191639726833,-0.4324654079593682,0.28727376823253525,-2.6012110892982037
2016-12-31,0.0142832158572297,-0.49393544527321864,0.5082186611304483,-2.670145834560003
2017-03-31,-0.0078975152921391,-0.48148050251986585,0.47358298722772674,-2.3957150049520806
2017-06-30,-0.264398304848673,-0.46319204715372875,0.19879374230505575,-2.595832358941152
2017-09-30,-0.575248126530432,-0.35636149855466104,-0.21888662797577096,-2.4017099955177628
2017-12-31,-0.674840912708041,-0.12162866904916281,-0.5532122436588782,-1.4381065775896786
2018-03-31,-0.667325871450039,-0.1683408818518619,-0.49898498959817705,-0.5160840695729121
2018-06-30,-0.535933151304155,-0.33382579888635144,-0.20210735241780353,-0.5039141596099626
2018-09-30,-0.527071759987226,-0.35864060412734716,-0.16843115585987883,-0.9092307416088943
2018-12-31,0.0635813186158941,-0.6288457845044908,0.6924271031203849,-1.0186744080625658
2019-03-31,-0.358642160267285,-0.39581048227356963,0.037168322006284615,-1.140154326980337
2019-06-30,-0.4491589523008,-0.28073641740965327,-0.16842253489114672,-0.7879433266490423
2019-09-30,-0.49350554171572,-0.05795686139330403,-0.43554868032241595,-0.2702951583186177
2019-12-31,-0.66409069634787,-0.2468793346625708,-0.41721136168529915,-0.17696961878220918
2020-03-31,-0.134475210546361,-0.9114215136752417,0.7769463031288807,-0.7878015347711198
2020-06-30,-0.475019969828362,-0.6323748460380854,0.15735487620972338,-6.731430028757131
2020-09-30,-0.904271867656949,-0.5072236550669847,-0.39704821258996426,-0.07399621837521408
2020-12-31,-1.39187022458706,-0.5728455841837501,-0.8190246404033099,0.6203333847240629
2021-03-31,-1.53223162597349,-0.13397346736236115,-1.398258158611129,2.640011753126828
2021-06-30,-1.75280205164512,0.010705200786201352,-1.7635072524313213,5.247165873811468
2021-09-30,-1.62758058614586,-0.36064242794866785,-1.2669381581971924,5.048896783543
2021-12-31,-1.56033092922248,0.2534424033545919,-1.813773332577072,6.432606310989058
2022-03-31,-1.02734150407217,-0.9220720278228132,-0.1052694762493569,5.812110768157822
2022-06-30,0.0398618134134608,-1.2665406478366625,1.3064024612501233,3.7433690405783864
2022-09-30,0.643657252051012,-0.6372769514209887,1.2809342034720008,3.6229615080550275
2022-12-31,0.999348948059591,-0.5745393770627706,1.5738883251223617,3.0286434544410668
2023-03-31,0.551131165024856,-1.073779633855442,1.624910798880298,1.76263957234994
2023-06-30,0.479678031691662,-0.6659110211410431,1.145589052832705,1.1392697778061347
2023-09-30,0.687607045758041,-0.3588568241898139,1.0464638699478548,0.36936487882712754
2023-12-31,0.522281438767648,-0.36165243372097133,0.8839338724886193,0.060192542093432166
2024-03-31,0.0637430115439226,-0.5729974908263561,0.6367405023702787,0.6983826578994012
2024-06-30,0.096503853515575,-0.35298635299499204,0.44949020651056704,0.44859668735125524
2024-09-30,-0.245674790881216,-0.32154481923689116,0.07587002835567516,0.343703267634055
2024-12-31,-0.215587440757049,-0.5182146316878555,0.30262719093080653,0.3712547926025991
2025-03-31,-0.196506510506284,-0.902042225258757,0.705535714752473,-0.017281965768916052
2025-06-30,-0.735771949751187,-0.45437903336066,-0.281392916390527,-0.05294462959636803
2025-09-30,-1.04018977096042,-0.32882645854401765,-0.7113633124164023,0.5934940569055698
2025-12-31,-1.07060753399341,-0.8693907447142133,-0.20121678927919673,0.0763725487887541
2026-03-31,-0.923186061437599,-0.7178798773662377,-0.20530618407136125,1.091705539506961
2026-06-30,-0.992934905003778,-0.8394131006270724,-0.1535218043767056,0.6614044560657248
